Shelfmark,origPlace,key
AM 72 fol.,Norge,NONE
AM 11 fol.,Island,NONE
AM 60 fol.,Danmark,NONE
AM 240 VIII fol.,Island,NONE
AM 241 b II fol.,Island,NONE
AM 103 fol.,Danmark?,NONE
AM 3 fol.,Island/Danmark?,NONE
AM 56 fol.,Island,NONE
AM 249 a fol.,England,NONE
AM 48 fol.,Norge,NONE
AM 240 V fol.,Island,NONE
AM 282 fol.,Norge?,NONE
AM 35 fol.,Karmøy  Norge,NONE
AM 44 fol.,Norge,NONE
AM 237 b fol.,Norge,NONE
AM 39 fol.,Island,NONE
AM 50 b fol.,Norge eller                     København,NONE
AM 27 fol.,Danmark,NONE
AM 290 fol.,Danmark,NONE
AM 390 fol.,Danmark,NONE
AM 67 a fol.,Norge,NONE
AM 238 I fol.,Island,NONE
AM 416 fol.,Danmark?,NONE
AM 20 e-g & i fol.,Island/Danmark,NONE
AM 359 fol.,Danmark,NONE
AM 93 fol.,Danmark eller Norge,NONE
AM 224 fol.,Norge?,NONE
AM 324 fol.,Norge,NONE
AM 475 fol.,Island?,NONE
AM 404 fol.,Danmark,NONE
AM 479 fol.,Danmark,NONE
AM 228 fol.,Island,NONE
AM 180 a fol.,Island,NONE
AM 181 a fol.,Island,NONE
AM 241 b III fol.,Island,NONE
AM 1 d beta fol.,Island,NONE
AM 467 fol.,Danmark,NONE
AM 238 XXVIII fol.,Island,NONE
AM 243 b beta fol.,Island/Danmark,NONE
AM 300 fol.,Sverige,NONE
AM 200 fol.,Sverige?,NONE
AM 381 9 fol.,Danmark/Norge,NONE
AM 81 b fol.,Norge?,NONE
AM 420 fol.,Sverige,NONE
AM 371 fol.,NONE,NONE
AM 243 a fol.,Island,NONE
AM 25 a fol.,Danmark,NONE
AM 12 b fol.,Island,NONE
AM 312 fol.,Norge,NONE
AM 465 fol.,Danmark,NONE
AM 234 fol.,Island,NONE
AM 83 fol.,Island,NONE
AM 240 II fol.,Island,NONE
AM 78 b fol.,København  Danmark,NONE
AM 406 fol.,Danmark,NONE
AM 357 fol.,Danmark,NONE
AM 180 c fol.,Island,NONE
AM 181 c fol.,Island,NONE
AM 91 fol.,Island eller                     Danmark,NONE
AM 226 fol.,Island,NONE
AM 191 fol.,Sverige,NONE
AM 326 fol.,Norge?,NONE
AM 477 fol.,Danmark,NONE
AM 238 XVI fol.,Island,NONE
AM 329 b fol.,Island?,NONE
AM 310 fol.,Norge,NONE
AM 373 fol.,Spanien,NONE
AM 285 a fol.,Norge?,NONE
AM 243 c fol.,Island,NONE
AM 243 o fol.,Island/Danmark,NONE
AM 302 fol.,Norge,NONE
AM 453 fol.,Danmark/Island,NONE
AM 361 fol.,Danmark,NONE
AM 194 b fol.,Island,NONE
AM 101 fol.,Norge,NONE
AM 484 fol.,Danmark,NONE
AM 62 fol.,Island,NONE
AM 13 fol.,Island,NONE
AM 73 b fol.,Island,NONE
AM 70 fol.,Norge/Danmark?,NONE
AM 20 d fol.,Island/Danmark,NONE
AM 58 fol.,Danmark,NONE
AM 292 fol.,Danmark,NONE
AM 392 fol.,NONE,NONE
AM 46 fol.,Norge,NONE
AM 240 X fol.,Island,NONE
AM 380 fol.,Danmark  Norge og                     Island?,NONE
AM 37 fol.,Norge,NONE
AM 54 fol.,Island,NONE
AM 20 h fol.,Danmark,NONE
AM 29 fol.,Sønderjylland/Schleswig-Holsten?,NONE
AM 243 k fol.,Island,NONE
AM 306 fol.,Norge,NONE
AM 1 e beta I fol.,Island,NONE
AM 238 XXIV fol.,Island,NONE
AM 241 b VI fol.,Island,NONE
AM 318 fol.,Danmark  Marstrand,NONE
AM 176 b fol.,Island,NONE
AM 365 fol.,Norge(?),NONE
AM 314 fol.,Island  Danmark eller Norge,NONE
AM 369 fol.,NONE,NONE
AM 243 g fol.,Island,NONE
AM 1 a fol.,Island,NONE
AM 377 fol.,Spanien?,NONE
AM 238 XVII fol.,Island,NONE
AM 95 fol.,Norge                     og Danmark,NONE
AM 222 fol.,Island/Danmark,NONE
AM 195 fol.,Danmark,NONE
AM 473 fol.,Danmark,NONE
AM 322 fol.,Norge,NONE
AM 20 b II fol.,Island,NONE
AM 77 a fol.,Danmark,NONE
AM 76 a fol.,Island,NONE
AM 330 fol.,Norge?,NONE
AM 230 fol.,Island,NONE
AM 87 fol.,Danmark?,NONE
AM 243 s fol.,Island/Danmark,NONE
AM 202 h fol.,Island/Danmark,NONE
AM 199 fol.,Norge?,NONE
AM 99 fol.,Norge?,NONE
AM 353 fol.,Danmark?,NONE
AM 240 III fol.,Island,NONE
AM 253 fol.,Spanien,NONE
AM 78 a fol.,Danmark?,NONE
AM 384 fol.,Danmark,NONE
AM 284 fol.,Norge?,NONE
AM 33 fol.,Danmark,NONE
AM 190 a fol.,Danmark,NONE
AM 315 e fol.,Norge,NONE
AM 80 fol.,Norge,NONE
AM 21 fol.,Danmark,NONE
AM 296 fol.,Tyskland?,NONE
AM 288 fol.,Norge,NONE
AM 42 fol.,Norge,NONE
AM 75 b fol.,Island,NONE
AM 315 i fol.,Norge,NONE
AM 17 fol.,Norge,NONE
AM 9 fol.,Island,NONE
AM 109 fol.,Island,NONE
AM 74 fol.,Danmark                      København,NONE
AM 5 fol.,Island,NONE
AM 178 fol.,Island,NONE
AM 480 fol.,Island,NONE
AM 166 fol.,Island,NONE
AM 66 fol.,Island,NONE
AM 238 XII fol.,Island,NONE
AM 315 k fol.,Norge,NONE
AM 40 fol.,Danmark?,NONE
AM 294 fol.,Holland,NONE
AM 394 fol.,Danmark,NONE
AM 238 XXV fol.,Island,NONE
AM 379 a fol.,Spanien,NONE
AM 240 VI fol.,Island,NONE
AM 238 IV fol.,Island,NONE
AM 298 fol.,Tysk,NONE
AM 238 XVIII fol.,Island,NONE
AM 52 fol.,Norge,NONE
AM 286 fol.,Danmark,NONE
AM 31 fol.,Tyskland,NONE
AM 238 XI fol.,Island,NONE
AM 315 g fol.,Norge,NONE
AM 19 fol.,Island,NONE
AM 482 fol.,Danmark,NONE
AM 64 fol.,Island,NONE
AM 7 fol.,Norge,NONE
AM 15 fol.,Island,NONE
AM 68 fol.,Island,NONE
AM 243 e fol.,Island,NONE
AM 308 fol.,Island/Danmark,NONE
AM 238 XXIX fol.,Island,NONE
AM 238 XIII fol.,Island,NONE
AM 1 c fol.,Island?,NONE
AM 375 fol.,Danmark,NONE
AM 424 fol.,Island?,NONE
AM 316 fol.,Norge?,NONE
AM 233 a fol.,Island,NONE
AM 241 a I fol.,Island,NONE
AM 367 fol.,NONE,NONE
AM 267 fol.,Island/Danmark?,NONE
AM 304 fol.,Island,NONE
AM 243 i fol.,Island,NONE
AM 240 VII fol.,Island,NONE
AM 428 fol.,Island,NONE
AM 180 e fol.,Island,NONE
AM 181 e fol.,Island,NONE
AM 232 fol.,Island,NONE
AM 85 fol.,Norge,NONE
AM 243 q fol.,Island,NONE
AM 89 fol.,Danmark?,NONE
AM 412 fol.,København  Danmark,NONE
AM 97 fol.,Norge                     eller Danmark,NONE
AM 197 fol.,Sverige,NONE
AM 471 fol.,Danmark,NONE
AM 320 fol.,Danmark,NONE
AM 240 XIV fol.,Island,NONE
AM 201 fol.,Sverige,NONE
AM 238 XXVII fol.,Island,NONE
AM 243 l fol.,Island,NONE
AM 194 a fol.,Island,NONE
AM 362 fol.,Danmark,NONE
AM 313 fol.,Norge,NONE
AM 12 c fol.,Island,NONE
AM 1 e alfa fol.,Island,NONE
AM 1 f fol.,Island/Danmark,NONE
AM 370 fol.,NONE,NONE
AM 285 b fol.,Island                             Norge og Danmark,NONE
AM 1 e beta II fol.,Island/Denmark,NONE
AM 192 fol.,Island,NONE
AM 325 fol.,Island,NONE
AM 474 fol.,Danmark,NONE
AM 92 fol.,Danmark,NONE
AM 225 fol.,Island,NONE
AM 358 fol.,Spanien,NONE
AM 409 fol.,Island?,NONE
AM 417 fol.,Danmark?,NONE
AM 238 XXII fol.,Island,NONE
AM 466 fol.,Danmark,NONE
AM 229 fol.,Island,NONE
AM 75 e I-V fol.,Island,NONE
AM 478 fol.,Danmark,NONE
AM 78 a fol.,Danmark?,NONE
AM 283 fol.,Norge?,NONE
AM 34 fol.,Island og Norge,NONE
AM 49 fol.,Island,NONE
AM 20 k fol.,København  Danmark,NONE
AM 57 fol.,Island,NONE
AM 391 fol.,Danmark (?),NONE
AM 26 fol.,Danmark,NONE
AM 291 fol.,Danmark,NONE
AM 38 fol.,Norge,NONE
AM 45 fol.,Norge eller Island,NONE
AM 73 a fol.,Island,NONE
AM 10 fol.,Norge,NONE
AM 243 h III fol.,Island,NONE
AM 243 h I fol.,Island,NONE
AM 238 XX fol.,Island,NONE
AM 2 fol.,Island,NONE
AM 102 fol.,Island,NONE
AM 20 e-g & i fol.,Island/Danmark,NONE
AM 61 fol.,Island,NONE
AM 355 a fol.,Danmark,NONE
AM 50 a fol.,Island,NONE
AM 47 fol.,Island,NONE
AM 67 b fol.,Norge?,NONE
AM 393 fol.,Danmark,NONE
AM 24 fol.,Danmark,NONE
AM 293 fol.,Danmark,NONE
AM 59 fol.,Danmark,NONE
AM 28 fol.,Danmark,NONE
AM 238 VII fol.,Island,NONE
AM 55 fol.,Norge?,NONE
AM 20 i fol.,NONE,NONE
AM 36 fol.,Karmøy  Norge,NONE
AM 238 II fol.,Island,NONE
AM 63 fol.,Karmøy  Norge,NONE
AM 485 fol.,Danmark,NONE
AM 100 fol.,Norge?,NONE
AM 238 XV fol.,Island,NONE
AM 238 VIII fol.,Island,NONE
AM 238 XIV fol.,Island,NONE
AM 71 fol.,Island,NONE
AM 238 XXI fol.,Island,NONE
AM 1 d alfa fol.,Island/Danmark,NONE
AM 25 b fol.,Danmark,NONE
AM 372 fol.,Danmark,NONE
AM 81 a fol.,Island,NONE
AM 311 fol.,Norge,NONE
AM 240 XII fol.,Island,NONE
AM 12 a fol.,Island,NONE
AM 194 c fol.,Island,NONE
AM 360 fol.,Danmark,NONE
AM 243 n fol.,Island/Danmark,NONE
AM 203 fol.,Island,NONE
AM 303 fol.,Norge?,NONE
AM 452 fol.,Island/Danmark,NONE
AM 181 b fol.,Island,NONE
AM 180 b fol.,Island,NONE
AM 241 b VIII fol.,Danmark,NONE
AM 407 fol.,Danmark?,NONE
AM 356 fol.,Danmark,NONE
AM 238 XXIII fol.,Island,NONE
AM 235 fol.,NONE,NONE
AM 419 fol.,Norge eller Danmark,NONE
AM 468 fol.,Danmark,NONE
AM 415 fol.,Danmark?,NONE
AM 327 fol.,Island?,NONE
AM 90 fol.,Norge,NONE
AM 243 h II fol.,Island,NONE
AM 175 fol.,Island,NONE
AM 8 fol.,Island,NONE
AM 238 V fol.,Island,NONE
AM 16 fol.,Norge,NONE
AM 481 fol.,Danmark,NONE
AM 241 b I alfa-zeta fol.,Island,NONE
AM 79 fol.,Island/Norge?,NONE
AM 179 fol.,Island,NONE
AM 4 fol.,Island,NONE
AM 240 I fol.,Island,NONE
AM 51 fol.,Danmark?,NONE
AM 241 b IV fol.,Island,NONE
AM 238 XXVI fol.,Island,NONE
AM 464 1-2 & 5 fol.,Danmark                            (?),NONE
AM 32 fol.,Tyskland?,NONE
AM 43 fol.,Island,NONE
AM 75 c fol.,Island,NONE
AM 20 b I fol.,Island,NONE
AM 315 h fol.,Norge,NONE
AM 289 fol.,Danmark,NONE
AM 297 fol.,Tyskland,NONE
AM 382 3-9 fol.,Danmark (og                     Island?),NONE
AM 245 b fol.,Island,NONE
AM 472 fol.,Danmark,NONE
AM 323 fol.,Norge,NONE
AM 94 fol.,Norge                     eller Danmark,NONE
AM 223 fol.,Norge?,NONE
AM 352 fol.,Island/Danmark?,NONE
AM 181 f fol.,Island,NONE
AM 202 i fol.,Island,NONE
AM 98 fol.,Danmark eller Norge,NONE
AM 198 fol.,Danmark eller Sverige,NONE
AM 193 c fol.,Norge?,NONE
AM 243 r fol.,Island,NONE
AM 86 fol.,Island/Danmark,NONE
AM 331 fol.,Norge?,NONE
AM 364 fol.,Danmark,NONE
AM 319 fol.,Norge,NONE
AM 240 XIII fol.,Island,NONE
AM 456 fol.,Danmark,NONE
AM 307 fol.,Norge,NONE
AM 376 fol.,Spanien,NONE
AM 427 fol.,Danmark,NONE
AM 243 f fol.,Island,NONE
AM 231 I-X fol.,Island,NONE
AM 368 fol.,NONE,NONE
AM 240 IX fol.,Island,NONE
AM 193 a fol.,Norge?,NONE
AM 243 p fol.,Island,NONE
AM 84 fol.,Norge,NONE
AM 333 fol.,Norge  Bergen,NONE
AM 401 fol.,Danmark,NONE
AM 180 d fol.,Island,NONE
AM 202 k fol.,Island,NONE
AM 202 g fol.,Island,NONE
AM 162 L fol.,Norge,NONE
AM 196 fol.,Danmark,NONE
AM 470 fol.,Danmark,NONE
AM 321 fol.,Norge?,NONE
AM 96 fol.,Norge                     eller Danmark,NONE
AM 413 fol.,København  Danmark,NONE
AM 342 fol.,Island,NONE
AM 242 fol.,Island,NONE
AM 76 b fol.,Island  Island/Danmark,NONE
AM 77 b fol.,Norge eller København  Danmark,NONE
AM 188 fol.,Island,NONE
AM 88 fol.,Danmark?,NONE
AM 317 fol.,Norge?,NONE
AM 1 b fol.,Island,NONE
AM 374 fol.,Tyskland,NONE
AM 243 d fol.,Island,NONE
AM 309 fol.,Norge,NONE
AM 458 fol.,Norge,NONE
AM 240 XI fol.,Island,NONE
AM 454 fol.,Danmark/Island,NONE
AM 305 fol.,Norge,NONE
AM 366 fol.,NONE,NONE
AM 176 a fol.,Island,NONE
AM 238 VI fol.,Island,NONE
AM 240 IV fol.,Island,NONE
AM 6 fol.,Island,NONE
AM 65 fol.,Island,NONE
AM 483 fol.,Danmark,NONE
AM 238 X fol.,Island,NONE
AM 18 fol.,Danmark,NONE
AM 69 fol.,Norge,NONE
AM 14 fol.,Island eller Danmark,NONE
AM 177 fol.,Island,NONE
AM 249 p fol.,Island,NONE
AM 20 c fol.,Island/Danmark,NONE
AM 22 fol.,Bergen                      Norge,NONE
AM 295 fol.,Nordtyskland,NONE
AM 241 b IX fol.,Island eller Danmark,NONE
AM 75 a fol.,Island,NONE
AM 249 h fol.,Ukendt,NONE
AM 41 fol.,Danmark?,NONE
AM 249 d fol.,Island,NONE
AM 315 f fol.,Norge,NONE
AM 190 b fol.,Island,NONE
AM 287 fol.,Danmark,NONE
AM 30 fol.,NONE,NONE
AM 243 b alfa fol.,Norge,NONE
AM 53 fol.,Island,NONE
AM 299 fol.,NONE,NONE
AM 666 a 4to,Island,NONE
AM 835 b 4to,Danmark,NONE
AM 1027 4to,Danmark,NONE
AM 1056 XXXVI 4to,Danmark,NONE
AM 650 b 4to,Island,NONE
AM 1044 4to,Danmark,NONE
AM 573 4to,Island,NONE
AM 588 d 4to,Island?,NONE
AM 567 II 4to,Island,NONE
AM 322 4to,Danmark?,NONE
AM 655 XXVII 4to,Island,NONE
AM 588 h 4to,Island?,NONE
AM 99 4to,Norge,NONE
AM 1048 4to,Danmark,NONE
AM 1056 XXXV 4to,Danmark,NONE
AM 353 4to,Island  Danmark eller Sverige,NONE
AM 773 c 4to,Island,NONE
AM 330 4to,Danmark,NONE
AM 461 4to,Island eller Danmark,NONE
AM 87 4to,Norge,NONE
AM 578 i 4to,Island?,NONE
AM 1056 XXII 4to,Danmark,NONE
AM 318 4to,Island,NONE
AM 655 IV 4to,Island,NONE
AM 896 4to,Norge eller Tyskland,NONE
AM 1056 V 4to,Sverige,NONE
AM 659 a 4to,Island,NONE
AM 766 b 4to,Island/Danmark,NONE
AM 783 4to,Danmark,NONE
AM 306 4to,Danmark?,NONE
AM 1060 4to,Island eller Danmark,NONE
AM 902 b 4to,Norge,NONE
AM 1058 IV brev 43 4to,NONE,NONE
AM 888 4to,Norge eller Danmark,NONE
AM 655 XI 4to,Island,NONE
AM 732 a IX 4to,Island,NONE
AM 325 IX 2 4to,Island,NONE
AM 325 VIII 2 b 4to.,Island,NONE
AM 884 4to,Norge eller Danmark,NONE
AM 325 VIII 3 b 4to.,Island,NONE
AM 791 4to,Island,NONE
AM 123 a 4to,Danmark/Island,NONE
AM 545 4to,Island,NONE
AM 314 4to,Norge,NONE
AM 696 X 4to,Island,NONE
AM 538 4to,Island?,NONE
AM 369 4to,Danmark?,NONE
AM 683 a 4to,Norge,NONE
AM 114 b 4to,Norge?,NONE
AM 115 b 4to,Danmark eller Island,NONE
AM 9 4to,Danmark,NONE
AM 670 c 4to,Danmark?,NONE
AM 109 4to,Norge,NONE
AM 74 4to,Norge,NONE
AM 725 4to,NONE,NONE
AM 930 4to,Island/Danmark,NONE
AM 830 4to,Tyskland?,NONE
AM 778 c 4to,Danmark,NONE
AM 779 c 4to,Island,NONE
AM 853 4to,Danmark,NONE
AM 17 4to,Danmark,NONE
AM 117 4to,Island eller Danmark,NONE
AM 646 4to,Island,NONE
AM 325 XI 2 f 4to,Island,NONE
AM 681 b 4to,Island,NONE
AM 166 4to,Danmark?,NONE
AM 580 4to,Island,NONE
AM 66 4to,Norge,NONE
AM 822 4to,Spanien,NONE
AM 922 4to,Island/Danmark,NONE
AM 841 4to,Danmark,NONE
AM 941 4to,Island/Danmark,NONE
AM 654 4to,Island?,NONE
AM 61 b 4to,Norge,NONE
AM 105 4to,Island,NONE
AM 5 4to,Danmark,NONE
AM 655 I 4to,Island,NONE
AM 629 4to,Island,NONE
AM 78 4to,Norge,NONE
AM 688 a 4to,Island,NONE
AM 869 4to,Danmark,NONE
AM 575 a 4to,Island,NONE
AM 50 4to,Sverige,NONE
AM 284 4to,Island?,NONE
AM 781 a 4to,Danmark,NONE
AM 642 a II 4to,Island,NONE
AM 33 4to,Danmark,NONE
AM 762 4to,Island,NONE
AM 877 4to,Dueholm  Danmark,NONE
AM 288 4to,Island?,NONE
AM 906 4to,Danmark/Island,NONE
AM 806 4to,Spanien,NONE
AM 909 B 4to,Hovedsagelig Tyskland  Leipzig,NONE
AM 42 4to,Danmark,NONE
AM 21 4to,Danmark,NONE
AM 435 a 4to,Island eller Danmark,NONE
AM 865 4to,Danmark,NONE
AM 695 c 4to,Island?,NONE
AM 918 4to,Sverige/Danmark,NONE
AM 818 4to,Italien?,NONE
AM 107 4to,Norge?,NONE
AM 7 4to,Danmark,NONE
AM 843 4to,Lund  Danmark,NONE
AM 591 c 4to.,Island,NONE
AM 567 IX 4to,Island,NONE
AM 19 4to,Tyskland,NONE
AM 820 4to,Tyskland,NONE
AM 635 4to,Island eller Danmark,NONE
AM 325 XI 2 h 4to,Island,NONE
AM 64 4to,Norge,NONE
AM 15 4to,Danmark,NONE
AM 778 a 4to,Island/Danmark,NONE
AM 779 a 4to,Island,NONE
AM 696 XXXIII 4to,Island,NONE
AM 851 4to,Danmark,NONE
AM 325 XI 2 d 4to,Island,NONE
AM 948 c 4to,Danmark                             København,NONE
AM 68 4to,Norge,NONE
AM 739 4to,Island/Danmark,NONE
AM 639 4to,Island,NONE
AM 670 a 4to,Danmark?,NONE
AM 1056 VIII 4to,Norge,NONE
AM 696 XVI 4to,Island,NONE
AM 832 4to,Danmark?,NONE
AM 867 4to,Tyskland?,NONE
AM 737 I 4to,Island eller Danmark,NONE
AM 23 4to,Danmark,NONE
AM 672 4to,Island,NONE
AM 736 I 4to,Island,NONE
AM 1056 XXXVI 4to,Denmark,NONE
AM 686 d 4to,Island eller Danmark,NONE
AM 879 4to,Danmark,NONE
AM 40 4to,Danmark,NONE
AM 904 a 4to,NONE,NONE
AM 804 4to,Danmark,NONE
AM 875 4to,Danmark: Dueholm  Nordjylland,NONE
AM 286 4to,Island?,NONE
AM 760 4to,Norge?,NONE
AM 808 4to,Danmark,NONE
AM 737 II 4to,Island eller Danmark,NONE
AM 325 XI 2 p 4to,Island,NONE
AM 770 b 4to,Island/Danmark,NONE
AM 1056 VI 4to,Norge,NONE
AM 52 4to,Sverige,NONE
AM 771 b 4to,Danmark,NONE
AM 816 4to,Italien?,NONE
AM 916 4to,Island,NONE
AM 332 4to,Norge?,NONE
AM 76 b 4to,Sverige,NONE
AM 185 4to,Island/Danmark,NONE
AM 1054 4to,Danmark,NONE
AM 77 b 4to,Danmark/Norge,NONE
AM 85 4to,Danmark eller Norge,NONE
AM 587 a 4to,Island,NONE
AM 578 k 4to,Island?,NONE
AM 667 XVIII 4to,Island,NONE
AM 351 4to,Island,NONE
AM 772 a 4to,Island/Danmark,NONE
AM 773 a 4to,Island/Danmark,NONE
AM 251 4to,Norge,NONE
AM 1037 4to,Island,NONE
AM 97 4to,Norge,NONE
AM 320 4to,Island,NONE
AM 1058 4to,Island,NONE
AM 89 4to,Norge,NONE
AM 578 g 4to,Island,NONE
AM 316 4to,Island,NONE
AM 655 IX 4to,Island,NONE
AM 998 4to,Danmark,NONE
AM 898 4to,Sverige,NONE
AM 921 V 4to,Island,NONE
AM 683 c 4to,Island,NONE
AM 1056 X 4to,Danmark,NONE
AM 208 4to,Island eller                     Danmark,NONE
AM 673 b 4to,Island,NONE
AM 655 XXIII 4to,Island,NONE
AM 308 4to,Island?,NONE
AM 793 4to,Danmark,NONE
AM 1013 4to,Danmark,NONE
AM 693 4to,Island?,NONE
AM 123 c 4to,Island?,NONE
AM 326 b 4to,Norge?,NONE
AM 886 4to,Danmark,NONE
AM 359 a 4to,Norge,NONE
AM 304 4to,Island,NONE
AM 1062 4to,Danmark,NONE
AM 555 b 4to,Island,NONE
AM 528 4to,Island,NONE
AM 732 b 4to,Island,NONE
AM 436 4to,Island eller Danmark,NONE
AM 367 4to,Island,NONE
AM 32 b 4to,Danmark?,NONE
AM 619 4to.,Norge,NONE
AM 48 4to,Sverige,NONE
AM 871 4to,Danmark,NONE
AM 664 4to,Island,NONE
AM 282 4to,Island eller                     Danmark?,NONE
AM 764 4to,Island,NONE
AM 35 4to,Danmark,NONE
AM 56 4to,Norge,NONE
AM 921 II 4to,Island,NONE
AM 777 b-d 4to,Norge/Danmark,NONE
AM 812 4to,Spain,NONE
AM 695 e 4to,Island?,NONE
AM 676 a 4to,Island,NONE
AM 863 4to,Danmark?,NONE
AM 27 4to,Danmark,NONE
AM 776 4to,Danmark,NONE
AM 290 4to,Island?,NONE
AM 657 a-b 4to,Island,NONE
AM 909 D 4to,hovedsagelig Tyskland  Leipzig,NONE
AM 44 4to,Sverige,NONE
AM 519 a 4to,Island eller Norge,NONE
AM 900 4to,Danmark,NONE
AM 1056 VII 4to,Norge,NONE
AM 800 4to,Tyskland?,NONE
AM 39 4to,Danmark,NONE
AM 768 4to,Island?,NONE
AM 668 4to,NONE,NONE
AM 1056 XXXII 4to,Danmark,NONE
AM 598 II alfa 4to,Island,NONE
AM 655 XXXIII 4to,Island,NONE
AM 913 15-16 + addenta a-c 4to,Danmark?,NONE
AM 681 d 4to,Island eller                     Danmark,NONE
AM 828 4to,Spanien,NONE
AM 740 4to,Island,NONE
AM 11 4to,Danmark,NONE
AM 111 4to,Danmark,NONE
AM 855 4to,Danmark,NONE
AM 964 a-b 4to,Danmark?,NONE
AM 567 V 4to,Island,NONE
AM 72 4to,Norge,NONE
AM 623 4to,Island,NONE
AM 656 I-II 4to,NONE,NONE
AM 591 k 4to,Island,NONE
AM 670 e 4to,Danmark?,NONE
AM 1056 XXI 4to,Danmark,NONE
AM 325 I 4to,Island,NONE
AM 103 4to,Norge,NONE
AM 652 4to,Island,NONE
AM 567 XIV beta 4to,Island,NONE
AM 3 4to,Danmark,NONE
AM 752 4to,Island?,NONE
AM 670 i 4to,Island eller Danmark,NONE
AM 847 4to,Danmark,NONE
AM 947 4to,Danmark                      København,NONE
AM 824 4to,Tyskland?,NONE
AM 924 4to,Danmark,NONE
AM 971 c 4to,Danmark?,NONE
AM 631 4to,Island eller Danmark,NONE
AM 325 XI 2 l 4to,Island,NONE
AM 60 4to,Norge og                            Island,NONE
AM 859 4to,Danmark,NONE
AM 598 III gamma 4to,Island,NONE
AM 1056 XIV 4to,Sverige,NONE
AM 325 VIII 2 h 4to.,Island,NONE
AM 1058 IV brev 45 4to,NONE,NONE
AM 567 XII 4to,Island,NONE
AM 1056 XL 4to,Danmark/Skåne,NONE
AM 667 XIV 4to,Island,NONE
AM 300 4to,Island eller Danmark?,NONE
AM 774 a 4to,Danmark,NONE
AM 1005 4to,Island?,NONE
AM 785 4to,Tyskland,NONE
AM 696 XXX 4to,Island,NONE
AM 890 4to,Tyskland?,NONE
AM 655 XVII 4to,Island,NONE
AM 567 XXV 4to,Island,NONE
AM 114 d 4to,Island eller Danmark,NONE
AM 1009 4to,Island/Danmark,NONE
AM 789 4to,Danmark,NONE
AM 655 XIX 4to,Island,NONE
AM 1058 IV brev 57 4to,NONE,NONE
AM 655 III 4to,Island,NONE
AM 689 4to,Danmark?,NONE
AM 543 4to,Island?,NONE
AM 312 4to,Norge?,NONE
AM 797 4to,NONE,NONE
AM 520 4to,Island                     eller Danmark,NONE
AM 325 VIII 2 d 4to.,Island,NONE
AM 325 VIII 3 d 4to.,Island,NONE
AM 882 4to,Norge                     eller Danmark,NONE
AM 38 b 4to,Danmark,NONE
AM 917 a-b 4to,Island,NONE
AM 674 b 4to,NONE,NONE
AM 655 XXVIII a 4to,Island,NONE
AM 1056 XXXVII 4to,Danmark,NONE
AM 667 VII 4to,Island,NONE
AM 343 c 4to,Island/Danmark,NONE
AM 93 4to,Norge,NONE
AM 655 XXXI 4to,Island,NONE
AM 667 XVII 4to,Island,NONE
AM 324 4to,Island,NONE
AM 655 XXIV 4to,Island,NONE
AM 347 4to,Island,NONE
AM 1056 XX 4to,Danmark,NONE
AM 696 XXIII 4to,Island,NONE
AM 685 c 4to,Island,NONE
AM 1050 4to,Danmark og                            Norge,NONE
AM 77 f 4to,Island/Danmark,NONE
AM 95 b 4to,Norge,NONE
AM 81 4to,Norge eller                     Danmark,NONE
AM 587 e 4to,Island eller Danmark,NONE
AM 355 4to,Norge?,NONE
AM 328 4to,Island/Danmark/Norge?,NONE
AM 667 XIII 4to,Island,NONE
AM 326 d 4to,Island?,NONE
AM 325 VIII 2 f 4to.,Island,NONE
AM 880 4to,Norge,NONE
AM 795 4to,Spanien eller                     Portugal,NONE
AM 1015 4to,Island?,NONE
AM 667 III 4to,Island,NONE
AM 696 XII 4to,Island,NONE
AM 1056 XXXIII 4to,Danmark,NONE
AM 667 XIX 4to,Island,NONE
AM 598 III beta 4to,Island,NONE
AM 696 XXV 4to,Island,NONE
AM 541 4to,Island,NONE
AM 310 4to,Island,NONE
AM 892 4to,Norge?,NONE
AM 1007 4to,Danmark?,NONE
AM 787 4to,Sverige,NONE
AM 655 XIV 4to,Island,NONE
AM 567 XIV gamma 4to,Island,NONE
AM 972 A 4to,Færøerne,NONE
AM 799 4to,Italien  Rom,NONE
AM 1056 XVIII 4to,Danmark,NONE
AM 302 4to,Island/Danmark,NONE
AM 453 4to,Island,NONE
AM 655 XXI 4to,Island,NONE
AM 357 4to,Island,NONE
AM 1031 4to,Danmark,NONE
AM 567 XIX alfa 4to,Island,NONE
AM 1056 II 4to,Island,NONE
AM 669 b 4to,Danmark?,NONE
AM 325 IX 2 a 4to,Island,NONE
AM 655 XXIX 4to,Island,NONE
AM 736 II 4to,Island,NONE
AM 334 4to,Island?,NONE
AM 77 d 4to,Island/Danmark,NONE
AM 1052 4to,Danmark,NONE
AM 949 a-g 4to,København                      Danmark,NONE
AM 914 6 4to,Island?,NONE
AM 667 IV 4to  se 243 g fol.,NONE,NONE
AM 655 VII 4to,Island,NONE
AM 325 VIII 5 b 4to.,Island,NONE
AM 325 VIII 4 b 4to.,Island,NONE
AM 91 4to,Danmark/Norge,NONE
AM 802 4to,Italien?,NONE
AM 46 4to,Sverige,NONE
AM 146 4to,Island eller Danmark,NONE
AM 617 4to,Island,NONE
AM 686 b 4to,Island,NONE
AM 58 4to,Norge,NONE
AM 25 4to,Danmark,NONE
AM 292 4to,Island?,NONE
AM 861 4to,Danmark,NONE
AM 810 4to,NONE,NONE
AM 696 XI 4to,Island,NONE
AM 597 a 4to,Island,NONE
AM 54 4to,Gotland,NONE
AM 696 XXIV 4to,Island,NONE
AM 678 4to,Island?,NONE
AM 29 4to,Danmark,NONE
AM 696 XXXI 4to,Island,NONE
AM 598 I beta 4to,Island,NONE
AM 325 IX 1 b 4to,Island,NONE
AM 696 IV 4to,Island,NONE
AM 37 4to,Danmark,NONE
AM 873 4to,Danmark,NONE
AM 973 4to,Færøerne?,NONE
AM 971 a 4to,Danmark?,NONE
AM 633 4to,Island,NONE
AM 325 XI 2 n 4to,Island,NONE
AM 62 4to,Norge,NONE
AM 733 4to,Island,NONE
AM 826 4to,NONE,NONE
AM 276 b 4to,Island,NONE
AM 926 4to,Island?,NONE
AM 325 VII 4to,Island,NONE
AM 838 4to,Danmark,NONE
AM 567 X 4to,Island,NONE
AM 845 4to,Danmark,NONE
AM 101 4to,Norge,NONE
AM 83 b 4to,Norge,NONE
AM 1056 XLI 4to,Danmark,NONE
AM 1 4to,Danmark?,NONE
AM 670 k 4to,Island eller Danmark,NONE
AM 70 4to,Island,NONE
AM 621 4to,Island,NONE
AM 696 XVII 4to,Island,NONE
AM 834 4to,Tyskland?,NONE
AM 670 g 4to,Danmark?,NONE
AM 59 b 4to,Island,NONE
AM 600 c 4to,Island?,NONE
AM 325 XI 2 b 4to,Island,NONE
AM 948 e 4to,Danmark                      København,NONE
AM 662 b 4to,Island,NONE
AM 663 b 4to,Island,NONE
AM 857 4to,Danmark,NONE
AM 1056 III 4to,Norge,NONE
AM 13 4to,Danmark,NONE
AM 113 4to,Norge?,NONE
AM 1056 XIX 4to,Danmark,NONE
AM 748 I a 4to,Island,NONE
AM 285 4to,Island,NONE
AM 763 4to,Island og Sverige,NONE
AM 1056 XXV 4to,Danmark,NONE
AM 876 4to,Danmark,NONE
AM 325 V 4to,Island,NONE
AM 915 4to,Danmark?,NONE
AM 815 4to,Italien?,NONE
AM 51 4to,Sverige,NONE
AM 771 a 4to,Island eller Danmark,NONE
AM 770 a 4to,Norge?,NONE
AM 1056 XII 4to,Danmark,NONE
AM 868 4to,Sorø  Danmark,NONE
AM 655 VI 4to,Island,NONE
AM 695 b 4to,Island,NONE
AM 819 4to,Danmark,NONE
AM 919 4to,Danmark,NONE
AM 325 IV beta 4to,Island,NONE
AM 671 4to,Island,NONE
AM 20 4to,Danmark?,NONE
AM 864 4to,Danmark?,NONE
AM 807 4to,Danmark,NONE
AM 907 4to,Danmark,NONE
AM 909 C 4to,hovedsagelig Tyskland  Leipzig,NONE
AM 43 4to,Danmark,NONE
AM 696 XVIII 4to,Island,NONE
AM 289 4to,Island?,NONE
AM 681 c 4to,Island,NONE
AM 325 XI 2 g 4to,Island,NONE
AM 680 c 4to,NONE,NONE
AM 779 b 4to,Island,NONE
AM 852 4to,Danmark,NONE
AM 696 XX 4to,Island,NONE
AM 778 b 4to,Danmark,NONE
AM 116 4to,Island eller Danmark?,NONE
AM 647 4to,Island,NONE
AM 16 4to,Danmark,NONE
AM 75 4to,Norge/Danmark,NONE
AM 831 4to,Spanien,NONE
AM 1056 XXXIV 4to,Danmark,NONE
AM 108 4to,Norge,NONE
AM 8 4to,Danmark,NONE
AM 759 4to,Island?,NONE
AM 670 b 4to,Danmark?,NONE
AM 79 4to,Norge/Danmark,NONE
AM 628 4to,Island?,NONE
AM 840 4to,Danmark,NONE
AM 4 4to,Danmark,NONE
AM 104 4to,Norge/Island?,NONE
AM 325 XI 2 k 4to,Island,NONE
AM 67 4to,Danmark/Island,NONE
AM 971 d 4to,Danmark?,NONE
AM 167 4to,Danmark?,NONE
AM 923 4to,Danmark,NONE
AM 823 4to,Spanien,NONE
AM 921 IV 4to,Island,NONE
AM 325 II 4to,Island,NONE
AM 655 XII-XIII 4to,Island,NONE
AM 989 4to,Danmark,NONE
AM 889 4to,Tyskland?,NONE
AM 1061 4to,Danmark,NONE
AM 307 4to,Island/Danmark?,NONE
AM 359 b 4to,Island?,NONE
AM 897 4to,Norge eller Tyskland,NONE
AM 766 c 4to,Island/Danmark,NONE
AM 782 4to,Danmark,NONE
AM 682 4to,Island eller Danmark,NONE
AM 921 VII 4to,Sverige,NONE
AM 368 4to,Island eller Danmark,NONE
AM 567 VII 4to,Island,NONE
AM 1056 IX 4to,Norge,NONE
AM 114 c 4to,Island eller Danmark,NONE
AM 315 4to,Norge?,NONE
AM 544 4to,Island og Norge,NONE
AM 325 VIII 3 c 4to.,Island,NONE
AM 885 4to,Danmark,NONE
AM 325 VIII 2 c 4to.,Island,NONE
AM 326 a 4to,Norge?,NONE
AM 690 4to,Danmark?,NONE
AM 790 4to,Danmark,NONE
AM 667 X 4to,Island,NONE
AM 655 XXII 4to,Island,NONE
AM 323 4to,Island,NONE
AM 94 4to,Norge,NONE
AM 1045 4to,Danmark,NONE
AM 655 XXX 4to,Island,NONE
AM 685 d 4to,Island,NONE
AM 696 III 4to,Island,NONE
AM 696 XIX 4to,Island,NONE
AM 1057 4to,Island/Danmark,NONE
AM 77 a 4to,Island/Danmark?,NONE
AM 86 4to,Norge,NONE
AM 812 4to,Spain,NONE
AM 331 4to,Island?,NONE
AM 76 a 4to,Island/Danmark,NONE
AM 773 b 4to,København  Danmark,NONE
AM 1034 4to,Danmark,NONE
AM 352 4to,Island?,NONE
AM 772 b 4to,Danmark/Island,NONE
AM 98 4to,Norge?,NONE
AM 1049 4to,Danmark,NONE
AM 588 i 4to,Island,NONE
AM 227 b 4to,Island,NONE
AM 123 b 4to,Island,NONE
AM 667 II 4to,Island,NONE
AM 792 4to,Sverige,NONE
AM 568 21-23 4to,Island?,NONE
AM 887 4to,Norge eller                     Danmark,NONE
AM 325 VIII 3 a 4to.,Island,NONE
AM 326 c 4to,Island,NONE
AM 325 VIII 2 a 4to.,Island,NONE
AM 309 4to,Island,NONE
AM 115 a 4to,Island eller Danmark,NONE
AM 899 4to,Sverige,NONE
AM 114 a 4to,Norge,NONE
AM 999 4to,Danmark,NONE
AM 683 b 4to,Island eller Danmark,NONE
AM 667 XV 4to,Island,NONE
AM 317 4to,Island?,NONE
AM 546 4to,Island,NONE
AM 766 a 4to,Island,NONE
AM 780 4to,Danmark?,NONE
AM 659 b 4to,Island?,NONE
AM 1056 IV 4to,Norge,NONE
AM 895 4to,Norge og Tyskland,NONE
AM 696 VII 4to,Island,NONE
AM 696 XXXII 4to,Island,NONE
AM 592 a 4to,Island,NONE
AM 902 a 4to,Norge,NONE
AM 1056 XI 4to,Danmark,NONE
AM 305 4to,Norge?,NONE
AM 736 IV 4to,Island eller Danmark,NONE
AM 972 B 4to,Faroese Islands,NONE
AM 350 4to,Norge?,NONE
AM 655 XXV 4to,Island,NONE
AM 77 c 4to,Danmark/Island,NONE
AM 84 4to,Norge,NONE
AM 333 4to,Island?,NONE
AM 578 f 4to,Island?,NONE
AM 696 XIV 4to,Island,NONE
AM 835 a 4to,Tyskland?,NONE
AM 666 b 4to,Norge,NONE
AM 1059 4to,Danmark,NONE
AM 88 4to,Norge,NONE
AM 567 XXII 4to,Island,NONE
AM 321 4to,Island,NONE
AM 96 4to,Danmark?,NONE
AM 1047 4to,Danmark,NONE
AM 567 XIX beta 4to,Island,NONE
AM 696 XXI 4to,Island,NONE
AM 909 A 4to,Hovedsagelig Tyskland  Leipzig,NONE
AM 41 4to,Danmark,NONE
AM 805 4to,Spanien,NONE
AM 905 4to,Danmark,NONE
AM 687 e 4to,Island?,NONE
AM 1056 XXX 4to,Danmark,NONE
AM 1058 V brev 118 4to,NONE,NONE
AM 878 4to,Roskilde  Danmark,NONE
AM 325 X 4to.,Island,NONE
AM 249 e 4to,Danmark,NONE
AM 866 4to,Tyskland?,NONE
AM 1058 V brev 106 4to,NONE,NONE
AM 966 4to,uvis oprindelse,NONE
AM 435 b 4to,Island eller Danmark,NONE
AM 22 4to,Danmark,NONE
AM 53 4to,Sverige,NONE
AM 702 4to,Island?,NONE
AM 770 c 4to,NONE,NONE
AM 817 4to,Italien,NONE
AM 325 XI 2 q 4to,Island?,NONE
AM 299 4to,Island?,NONE
AM 399 4to,Island,NONE
AM 655 VIII 4to,Island,NONE
AM 809 4to,Danmark?,NONE
AM 874 4to,Tyskland eller Danmark,NONE
AM 287 4to,Island,NONE
AM 30 4to,Danmark,NONE
AM 661 4to,Island,NONE
AM 696 XXII 4to,Island,NONE
AM 821 4to,NONE,NONE
AM 325 XI 2 i 4to,Island,NONE
AM 65 4to,Norge,NONE
AM 634 4to,Island eller                     Danmark,NONE
AM 18 4to,Tyskland og                     Danmark,NONE
AM 696 II 4to,Island,NONE
AM 1056 XXXIX 4to,Danmark,NONE
AM 1056 XXIII 4to,Danmark,NONE
AM 6 4to,Danmark,NONE
AM 670 l 4to,Island eller                     Danmark,NONE
AM 61 a 4to,Island og Norge,NONE
AM 106 4to,Island?,NONE
AM 842 4to,Danmark,NONE
AM 833 4to,Spanien,NONE
AM 933 4to,Island,NONE
AM 626 4to,Island,NONE
AM 1056 XXVIII 4to,Danmark,NONE
AM 681 a 4to,Island,NONE
AM 325 XI 2 e 4to,Island,NONE
AM 948 b 4to,Danmark                      København,NONE
AM 69 4to,Norge,NONE
AM 680 a 4to,Island,NONE
AM 601 d 4to,Island eller Danmark,NONE
AM 645 4to,Island,NONE
AM 921 IX 4to,Island?,NONE
AM 14 4to,Tyskland/Danmark,NONE
AM 850 4to,Danmark,NONE
AM 950 4to,Danmark                             København,NONE
AM 685 b 4to,Island,NONE
AM 343 b 4to,Island/Danmark,NONE
AM 92 4to,Norge,NONE
AM 325 VIII 4 a 4to.,Island,NONE
AM 325 VIII 5 a 4to.,Island,NONE
AM 674 c 4to,NONE,NONE
AM 358 4to,Island,NONE
AM 1056 XVII 4to,Danmark,NONE
AM 669 a 4to,Danmark?,NONE
AM 1056 XVI 4to,Danmark,NONE
AM 325 XI 3 4to,Island,NONE
AM 329 4to,NONE,NONE
AM 325 VIII 1 4to.,Island,NONE
AM 1056 I 4to,Island,NONE
AM 594 a 4to,Island,NONE
AM 354 4to,Norge?,NONE
AM 655 II 4to,Island,NONE
AM 77 g 4to,Island/Danmark,NONE
AM 1051 4to,Danmark,NONE
AM 80 4to,Norge/Danmark,NONE
AM 1056 XXVI-XXVII 4to,Danmark,NONE
AM 655 XV 4to,Island,NONE
AM 655 XXXII 4to,Island,NONE
AM 662 a III 4to,Island,NONE
AM 533 4to,Island,NONE
AM 784 4to,Danmark,NONE
AM 325 VI 4to,Island,NONE
AM 598 II beta 4to,Island,NONE
AM 684 4to,Island,NONE
AM 1056 XXXI 4to,Danmark,NONE
AM 891 4to,Tyskland?,NONE
AM 570 a 4to,Island,NONE
AM 1056 XXIV 4to,Danmark,NONE
AM 301 4to,Norge?,NONE
AM 1058 IV brev 44 4to,NONE,NONE
AM 662 a I 4to,Island,NONE
AM 796 4to,NONE,NONE
AM 883 4to,Norge (?),NONE
AM 325 VIII 2 e 4to.,Island,NONE
AM 313 4to.,Island,NONE
AM 1008 4to,Norge  Island og Danmark                  (?),NONE
AM 788 4to,NONE,NONE
AM 59 a 4to,Island,NONE
AM 567 XIX gamma 4to,Island,NONE
AM 670 d 4to,Danmark?,NONE
AM 837 4to,Danmark,NONE
AM 73 4to,Norge/Danmark,NONE
AM 655 XXVI 4to,Island,NONE
AM 110 4to,Norge,NONE
AM 10 4to,Danmark,NONE
AM 854 4to,Danmark,NONE
AM 954 4to,Island,NONE
AM 325 III alfa-beta 4to,Island,NONE
AM 663 a 4to,Island?,NONE
AM 325 XI 2 a 4to,Island,NONE
AM 948 f 4to,Danmark                      København,NONE
AM 829 4to,NONE,NONE
AM 958 4to,Danmark,NONE
AM 858 4to,Danmark,NONE
AM 925 4to,Island?,NONE
AM 583 c 4to,Island,NONE
AM 825 4to,NONE,NONE
AM 325 XI 2 m 4to,Island,NONE
AM 971 b 4to,Danmark?,NONE
AM 161 4to,Island?,NONE
AM 630 4to,NONE,NONE
AM 2 4to,Tyskland og                            Danmark,NONE
AM 670 h 4to,Danmark?,NONE
AM 102 4to,Norge,NONE
AM 83 a 4to,Norge,NONE
AM 846 4to,Danmark,NONE
AM 57 4to,Norge,NONE
AM 597 b 4to,Island,NONE
AM 736 III 4to,Island,NONE
AM 813 4to,Spanien,NONE
AM 701 c 4to,Island,NONE
AM 667 XVI 4to,Island,NONE
AM 655 V 4to,Island,NONE
AM 870 4to,Danmark,NONE
AM 283 4to,Island?,NONE
AM 765 4to,Island/Danmark,NONE
AM 665 4to,Island?,NONE
AM 325 IX 1 a 4to,Island,NONE
AM 521 d 4to,Island,NONE
AM 49 4to,Sverige,NONE
AM 618 4to,Storbritannien og Island,NONE
AM 686 a 4to,Island,NONE
AM 769 4to,Island,NONE
AM 567 XIV alfa 4to,Island,NONE
AM 909 E 4to,hovedsagelig Tyskland  Leipzig,NONE
AM 45 4to,Sverige,NONE
AM 801 4to,Italien,NONE
AM 901 4to,Danmark,NONE
AM 862 4to,Danmark  København,NONE
AM 126 4to,Island,NONE
AM 677 4to,Island,NONE
AM 26 4to,Danmark,NONE
AM 567 XV 4to,Island,NONE
AM 291 4to,Island,NONE
AM 695 d 4to,Island?,NONE
AM 844 4to,Danmark,NONE
AM 100 4to,Norge?,NONE
AM 777 a 4to,Danmark,NONE
AM 839 4to,Danmark,NONE
AM 325 XI 2 o 4to,Island,NONE
AM 948 h 4to,Danmark                      København,NONE
AM 63 4to,Norge,NONE
AM 927 4to,Island?,NONE
AM 827 4to,Danmark?,NONE
AM 325 IV alfa 4to,Island,NONE
AM 856 4to,Island,NONE
AM 112 4to,Norge?,NONE
AM 12 4to,Danmark/Tyskland,NONE
AM 595 a-b 4to,Island,NONE
AM 663 c 4to,Norge?,NONE
AM 325 XI 2 c 4to,Island,NONE
AM 948 d 4to,Danmark  København,NONE
AM 655 XVIII 4to,Island,NONE
AM 670 f 4to,Danmark?,NONE
AM 848 4to,Danmark,NONE
AM 667 VI 4to,Island,NONE
AM 71 4to,Norge,NONE
AM 675 4to,Island,NONE
AM 24 4to,Danmark,NONE
AM 775 4to,Danmark,NONE
AM 293 4to,Island/Danmark?,NONE
AM 860 4to,Danmark,NONE
AM 676 b 4to,Island?,NONE
AM 655 X 4to,Island,NONE
AM 686 c 4to,Island,NONE
AM 803 4to,ukendt oprindelsessted,NONE
AM 519 b 4to,Island eller Danmark,NONE
AM 903 4to,uvis                     oprindelse,NONE
AM 47 4to,Sverige,NONE
AM 281 4to,Island,NONE
AM 36 4to,Danmark,NONE
AM 598 I alfa 4to,Island,NONE
AM 972 4to,Færøerne,NONE
AM 872 4to,Danmark,NONE
AM 567 XVII alfa 4to,Island,NONE
AM 1058 V brev 60 + bilag 4to,NONE,NONE
AM 32 a 4to,Island,NONE
AM 28 4to,Danmark,NONE
AM 655 XVI 4to,Island,NONE
AM 911 4to,Danmark?,NONE
AM 811 4to,Spanien,NONE
AM 55 4to,Danmark,NONE
AM 1053 4to,Danmark,NONE
AM 77 e 4to,Island/Danmark,NONE
AM 82 4to,Norge,NONE
AM 95 a 4to,Norge,NONE
AM 348 4to,Norge?,NONE
AM 325 XI 1 4to,Island,NONE
AM 1030 4to,Danmark/Island,NONE
AM 696 I 4to,Island,NONE
AM 356 4to,Island/Danmark,NONE
AM 595 c 4to,Island?,NONE
AM 325 VIII 4 c 4to.,Island,NONE
AM 325 VIII 5 c 4to.,Island,NONE
AM 588 a 4to,Island,NONE
AM 327 4to,Norge eller                     Island,NONE
AM 90 4to,Norge/Island,NONE
AM 674 a 4to,Island,NONE
AM 655 XXVIII b 4to,Island,NONE
AM 468 4to,Island,NONE
AM 598 III alfa 4to,Island,NONE
AM 655 XX 4to,Island,NONE
AM 1022 4to,Danmark,NONE
AM 311 4to,Norge?,NONE
AM 540 4to,Island?,NONE
AM 683 d 4to,Norge,NONE
AM 590 b-c 4to,Island?,NONE
AM 38 a 4to,Danmark,NONE
AM 1056 XIII 4to,Danmark,NONE
AM 1056 XXIX 4to,Danmark,NONE
AM 881 4to,Danmark,NONE
AM 325 VIII 2 g 4to.,Island,NONE
AM 123 d 4to,Island/Danmark?,NONE
AM 774 b 4to,Danmark,NONE
AM 303 4to,Norge?,NONE
AM 696 VI 4to,Island,NONE
AM 798 4to,Tyskland,NONE
AM 1056 XXXVIII 4to,Danmark,NONE
AM 662 a II 4to,Island,NONE
AM 696 XXVI 4to,Island,NONE
AM 893 4to,Danmark,NONE
AM 1006 4to,Island,NONE
AM 531 4to,Island,NONE
AM 786 4to,Tyskland,NONE
AM 115 8vo,Island,NONE
AM 15 8vo,Danmark,NONE
AM 79 II epsilon 8vo,Tyskland,NONE
AM 76 8vo,Danmark,NONE
AM 7 8vo,Danmark,NONE
AM 107 8vo,Danmark,NONE
AM 19 8vo,Danmark,NONE
AM 31 8vo,Norge,NONE
AM 79 II gamma 8vo,Tyskland,NONE
AM 23 8vo,Danmark,NONE
AM 197 8vo,Island,NONE
AM 97 8vo,Island,NONE
AM 79 I gamma 8vo,Danmark,NONE
AM 243 8vo,Island,NONE
AM 251 8vo,Danmark,NONE
AM 20 b 8vo,Danmark,NONE
AM 204 8vo,Danmark,NONE
AM 267 8vo,Danmark,NONE
AM 275 8vo,Danmark,NONE
AM 230 8vo,Danmark (og Island?),NONE
AM 87 8vo,Island,NONE
AM 187 8vo,Danmark,NONE
AM 95 8vo,Island,NONE
AM 191 a 8vo,Island,NONE
AM 265 8vo,Danmark/Island?,NONE
AM 206 8vo,Paris  Frankrig,NONE
AM 5 8vo,Danmark,NONE
AM 105 8vo,Danmark,NONE
AM 9 8vo,Horsens  Danmark,NONE
AM 258 a 8vo,Island eller Danmark,NONE
AM 74 8vo,Tyskland,NONE
AM 117 8vo,Island,NONE
AM 17 8vo,Danmark,NONE
AM 21 8vo,Danmark,NONE
AM 33 8vo,Norge,NONE
AM 261 8vo,Island                     eller Danmark,NONE
AM 202 8vo,Danmark,NONE
AM 91 8vo,Island,NONE
AM 257 8vo,Island                     eller Danmark,NONE
AM 83 8vo,Island?,NONE
AM 29 8vo,Danmark,NONE
AM 58 8vo,Island,NONE
AM 25 8vo,Danmark,NONE
AM 70 8vo,Tyskland,NONE
AM 13 8vo,Danmark,NONE
AM 1 8vo,Danmark,NONE
AM 27 8vo,Danmark,NONE
AM 35 8vo,Island                     eller Danmark,NONE
AM 56 8vo,Island,NONE
AM 3 8vo,Danmark,NONE
AM 11 8vo,Danmark,NONE
AM 72 8vo,Danmark,NONE
AM 271 8vo,Island,NONE
AM 263 8vo,Danmark?,NONE
AM 81 8vo,Island,NONE
AM 119 a 8vo,Island,NONE
AM 255 8vo,Island eller Danmark,NONE
AM 228 8vo,Island (og                     Danmark?),NONE
AM 259 8vo,Island eller                     Danmark,NONE
AM 93 8vo,Island,NONE
AM 266 8vo,Island/Danmark,NONE
AM 274 8vo,Danmark?,NONE
AM 209 8vo,Island eller Danmark,NONE
AM 88 8vo,Island,NONE
AM 188 8vo,Danmark,NONE
AM 221 8vo,NONE,NONE
AM 196 8vo,Tyskland,NONE
AM 79 II beta 8vo,Tyskland,NONE
AM 233 8vo,Danmark,NONE
AM 30 8vo,NONE,NONE
AM 79 II zeta 8vo,Tyskland,NONE
AM 22 8vo,Danmark,NONE
AM 77 8vo,Tyskland?,NONE
AM 258 b 8vo,Island  Norge og Danmark(?),NONE
AM 69 8vo,Holland,NONE
AM 169 8vo,Danmark,NONE
AM 14 8vo,Danmark,NONE
AM 165 8vo,Island,NONE
AM 18 8vo,Danmark,NONE
AM 226 a 8vo,Island/Danmark,NONE
AM 106 8vo,Danmark,NONE
AM 6 8vo,Ukendt,NONE
AM 79 I beta 8vo,Danmark,NONE
AM 32 8vo,Norge,NONE
AM 79 I eta 8vo,Danmark,NONE
AM 4 8vo,Danmark,NONE
AM 79 II delta 8vo,Tyskland,NONE
AM 79 I alfa 8vo,Danmark,NONE
AM 16 8vo,Danmark,NONE
AM 75 8vo,Danmark,NONE
AM 8 8vo,Danmark,NONE
AM 108 8vo,Danmark,NONE
AM 79 II alfa 8vo,Tyskland,NONE
AM 79 I delta 8vo,Danmark,NONE
AM 207 8vo,Paris  Frankrig,NONE
AM 20 a 8vo,Danmark,NONE
AM 264 8vo,Danmark,NONE
AM 86 8vo,Tyskland?,NONE
AM 79 I zeta 8vo,Danmark,NONE
AM 198 8vo,Island,NONE
AM 98 8vo,Iceland,NONE
AM 194 8vo,Vestisland,NONE
AM 78 I-III 8vo,NONE,NONE
AM 79 III 8vo,NONE,NONE
AM 12 8vo,Danmark,NONE
AM 71 8vo,Holland,NONE
AM 231 a-f 8vo,Island eller Danmark,NONE
AM 36 8vo,Island eller                     Danmark,NONE
AM 80 a 8vo,Italien,NONE
AM 28 8vo,Danmark,NONE
AM 24 8vo,Danmark,NONE
AM 124 8vo,Island,NONE
AM 90 8vo,Island,NONE
AM 151 b 8vo,Danmark,NONE
AM 79 I epsilon 8vo,Danmark,NONE
AM 118 b 8vo,Island,NONE
AM 119 b 8vo,Island?,NONE
AM 256 8vo,Island                     eller Danmark,NONE
AM 203 8vo,NONE,NONE
AM 260 8vo,Island eller                     Danmark,NONE
AM 92 8vo,Island,NONE
AM 225 8vo,Danmark,NONE
AM 262 8vo,Island eller        Danmark,NONE
AM 2 8vo,Danmark,NONE
AM 79 I theta 8vo,Danmark,NONE
AM 73 8vo,Tyskland og                     Danmark?,NONE
AM 10 8vo,Danmark,NONE
AM 26 8vo,Danmark,NONE
AM 34 8vo,Island,NONE
AM 422 12mo,Sverige,NONE
AM 453 12mo,Danmark,NONE
AM 418 12mo,Danmark,NONE
AM 414 12mo,Frankrig,NONE
AM 451 12mo,Danmark,NONE
AM 443 12mo,Danmark,NONE
AM 420 12mo,Danmark,NONE
AM 416 12mo,Holland  Utrecht(?),NONE
AM 447 12mo,Danmark,NONE
AM 455 12mo,Danmark,NONE
AM 434 b 12mo,Island,NONE
AM 449 12mo,Danmark,NONE
AM 445 12mo,Danmark,NONE
AM 428 b 12mo,Island,NONE
AM 419 12mo,Danmark,NONE
AM 415 12mo,Holland,NONE
AM 423 12mo,Danmark,NONE
AM 452 12mo,Danmark,NONE
AM 417 12mo,Tyskland,NONE
AM 433 c 12mo,Island,NONE
AM 450 12mo,Danmark,NONE
AM 421 12mo,Danmark,NONE
AM 442 12mo,Danmark,NONE
AM 425 12mo,Island,NONE
AM 428 a 12mo,Island,NONE
AM 446 12mo,Danmark,NONE
AM 454 12mo,Danmark,NONE
AM 429 12mo,Island,NONE
AM 448 12mo,Danmark,NONE
AM 434 a 12mo,Island,NONE
AM 444 12mo,Danmark,NONE
Acc. 23,NONE,NONE
Acc. 52,NONE,NONE
Acc. 19,NONE,NONE
Acc. 15,NONE,NONE
Acc. 7 b,NONE,NONE
Acc. 45 b,NONE,NONE
Acc. 50,NONE,NONE
Acc. 33,NONE,NONE
Acc. 42,NONE,NONE
Acc. 21,NONE,NONE
Acc. 9,Danmark,NONE
Acc. 17,NONE,NONE
Acc. 4 a,Færøerne,NONE
Acc. 37 a,NONE,NONE
Acc. 62,NONE,NONE
Acc. 7 a β,NONE,NONE
Acc. 4 e,NONE,NONE
Acc. 1,NONE,NONE
Acc. 13,Danmark,NONE
Acc. 46,NONE,NONE
Acc. 58,NONE,NONE
Acc. 45 f,NONE,NONE
Acc. 54,NONE,NONE
Acc. 11,Danmark,NONE
Acc. 3,Danmark,NONE
Acc. 60,NONE,NONE
Acc. 35,NONE,NONE
Acc. 56,NONE,NONE
Acc. 45 d,NONE,NONE
Acc. 27,NONE,NONE
Acc. 44,NONE,NONE
Acc. 39,NONE,NONE
Acc. 4 c I-II,Færøerne,NONE
Acc. 37 c,NONE,NONE
Acc. 7 d,NONE,NONE
Acc. 4 b,Færøerne,NONE
Acc. 14,Danmark,NONE
Acc. 41,NONE,NONE
Acc. 53,NONE,NONE
Acc. 45 a,NONE,NONE
Acc. 16,Danmark,NONE
Acc. 8,Denmark/Iceland,NONE
Acc. 45 c,NONE,NONE
Acc. 51,NONE,NONE
Acc. 20,NONE,NONE
Acc. 43,NONE,NONE
Acc. 7 c,NONE,NONE
Acc. 24,NONE,NONE
Acc. 59,NONE,NONE
Acc. 47,NONE,NONE
Acc. 36,NONE,NONE
Acc. 45 g,NONE,NONE
Acc. 55,NONE,NONE
Acc. 4 d,Færøerne og Danmark,NONE
Acc. 63,NONE,NONE
Acc. 12,Danmark,NONE
Acc. 7 e,HS 122: Frankrig                      HS 123: Island,NONE
Acc. 37 b,NONE,NONE
Acc. 57,NONE,NONE
Acc. 45 e,NONE,NONE
Acc. 34,NONE,NONE
Acc. 49,NONE,NONE
Acc. 38,NONE,NONE
Acc. 26,NONE,NONE
Acc. 10,Danmark,NONE
Acc. 7 a α,NONE,NONE
Acc. 61,NONE,NONE
Acc. 2,NONE,NONE
Kr 4,Island?,NONE
Kr 2,Island?,NONE
Kr 1,Norge?,NONE
Kr 3,Island?,NONE
Rask 103,Island,NONE
Rask 60,Danmark,NONE
Rask 111,Island,NONE
Rask 11,Island/Danmark?,NONE
Rask 27,Island,NONE
Rask 44,Island,NONE
Rask 39,Iceland,NONE
Rask 48,Island,NONE
Rask 35,Island,NONE
Rask 81,Island/Danmark?,NONE
Rask 93,Island,NONE
Rask 8 b,Island,NONE
Rask 91,Island?,NONE
Rask 83,Island?,NONE
Rask 70,Island,NONE
Rask 113,Iceland/Denmark (?) and The Faroe Islands,NONE
Rask 13,Island/Danmark?,NONE
Rask 62,Island?,NONE
Rask 56 b,Island,NONE
Rask 101,Island?,NONE
Rask 54,Island,NONE
Rask 21 b,Island/Danmark?,NONE
Rask 29,Island,NONE
Rask 37,Iceland,NONE
Rask 58,Island?,NONE
Rask 1-3,Danmark,NONE
Rask 25,Island,NONE
Rask 99,Island,NONE
Rask 87,Island,NONE
Rask 88 a,Island,NONE
Rask 89 a,Island,NONE
Rask 95,Island,NONE
Rask 42,Iceland,NONE
Rask 50,Island,NONE
Rask 33,Island,NONE
Rask 66,Island,NONE
Rask 105,Island,NONE
Rask 109,Island,NONE
Rask 74,Island,NONE
Rask 117,Stockholm             Sverige,NONE
Rask 17,Island?,NONE
Rask 31,Island,NONE
Rask 52,Island,NONE
Rask 23,Island,NONE
Rask 40,Iceland,NONE
Rask 115,Stockholm,NONE
Rask 68,Island,NONE
Rask 76,Island/Danmark?,NONE
Rask 7,Island,NONE
Rask 107,Island,NONE
Rask 19,Island/Danmark?,NONE
Rask 119,Danmark  København,NONE
Rask 72 b,Island,NONE
Rask 64,Island?,NONE
Rask 46 b,Island,NONE
Rask 97,Island?,NONE
Rask 85,Island,NONE
Rask 10,København             Danmark,NONE
Rask 5,Island/Danmark?,NONE
Rask 78-79,Island?,NONE
Rask 80,Island/Danmark?,NONE
Rask 92,Iceland?,NONE
Rask 38,Iceland,NONE
Rask 45,Island?,NONE
Rask 26,Island/Danmark?,NONE
Rask 21 a,Island?,NONE
Rask 57,Island,NONE
Rask 34,Island,NONE
Rask 49,Island,NONE
Rask 61,Island,NONE
Rask 56 a,Island,NONE
Rask 102,Island?,NONE
Rask 73,Island,NONE
Rask 110,Island,NONE
Rask 36,Island,NONE
Rask 28,Island,NONE
Rask 55,Iceland,NONE
Rask 24,Island?,NONE
Rask 59,Island,NONE
Rask 47,Island,NONE
Rask 12,Island/Danmark?,NONE
Rask 112,København         Danmark,NONE
Rask 71,Island/Danmark?,NONE
Rask 100,Island,NONE
Rask 63,Danmark?,NONE
Rask 15,Island,NONE
Rask 90,Island?,NONE
Rask 8 a,Island,NONE
Rask 82,Island?,NONE
Rask 104,Island?,NONE
Rask 4,Danmark?,NONE
Rask 67,Island,NONE
Rask 72 a,Island,NONE
Rask 16,Island/Danmark?,NONE
Rask 116,København  Danmark,NONE
Rask 75,Island?,NONE
Rask 108,Island,NONE
Rask 20,Island?,NONE
Rask 43,Island,NONE
Rask 32,Island,NONE
Rask 51,Island,NONE
Rask 86,Island,NONE
Rask 98,Island,NONE
Rask 94,Island,NONE
Rask 46 a,Island/Danmark?,NONE
Rask 89 b,Island?,NONE
Rask 88 b,Island,NONE
Rask 96,Island?,NONE
Rask 84,Island,NONE
Rask 46 c,Island,NONE
Rask 77,Island,NONE
Rask 69,Island,NONE
Rask 14,Danmark,NONE
Rask 114,København,NONE
Rask 65,Danmark  København,NONE
Rask 118,København         Danmark,NONE
Rask 18,Island?,NONE
Rask 106,Island,NONE
Rask 6,Island,NONE
Rask 53,Island,NONE
Rask 30,Island,NONE
Rask 41,Iceland?,NONE
Rask 22,Island,NONE
Steph. 4,Island,NONE
Steph. 67,Danmark?,NONE
Steph. 75,Island/Danmark?,NONE
Steph. 77,Danmark,NONE
Steph. 69,Island/Danmark?,NONE
Steph. 14,Island eller Danmark,NONE
Steph. 38,Island?,NONE
Steph. 71,Island/Danmark?,NONE
Steph. 66,Danmark,NONE
Steph. 5,Island,NONE
Steph. 50,Island/Danmark?,NONE
Steph. 68,Island,NONE
Steph. 76,Island/Danmark?,NONE
Steph. 40,Island/Danmark?,NONE
Steph. 39,Danmark/ Island?,NONE
Steph. 1 a,Island/Danmark,NONE
Steph. 70,Island?,NONE
KG 34,Danmark,NONE
KG 27,Danmark?,NONE
KG 1,Island,NONE
KG 37,Danmark,NONE
KG 33,Hovedsageligt Danmark,NONE
